2018-08-11 06:06:47 +0100, 1533964007, 81
2018-08-14 22:03:32 +0100, 1534280612, 88
2018-08-16 20:30:39 +0100, 1534447839, 156
2018-08-17 08:57:48 +0100, 1534492668, 139
2018-08-17 09:19:22 +0100, 1534493962, 140
2018-08-17 09:23:48 +0100, 1534494228, 144
2018-08-17 09:27:08 +0100, 1534494428, 145
2018-08-17 10:05:33 +0100, 1534496733, 148
2018-08-17 10:19:52 +0100, 1534497592, 147
2018-08-19 15:48:39 +0100, 1534690119, 148
2018-08-21 10:29:56 +0100, 1534843796, 151
2018-08-21 10:54:36 +0100, 1534845276, 156
2018-08-21 11:24:46 +0100, 1534847086, 157
2018-08-21 13:12:24 +0100, 1534853544, 158
2018-08-24 06:44:04 +0100, 1535089444, 182
2018-08-26 14:12:08 +0100, 1535289128, 181
2018-08-28 10:51:29 +0100, 1535449889, 188
2018-08-29 10:08:13 +0100, 1535533693, 130
2018-08-29 14:44:44 +0100, 1535550284, 130
2018-08-30 06:24:44 +0100, 1535606684, 103
2018-09-03 07:52:01 +0100, 1535957521, 87
2018-09-03 16:26:46 +0100, 1535988406, 102
2018-09-04 10:43:54 +0100, 1536054234, 106
2018-09-06 15:00:45 +0100, 1536242445, 108
2018-09-06 18:28:54 +0100, 1536254934, 120
2018-09-06 18:49:48 +0100, 1536256188, 120
2018-09-07 08:06:09 +0100, 1536303969, 120
2018-09-07 08:08:12 +0100, 1536304092, 120
2018-09-07 09:31:18 +0100, 1536309078, 120
2018-09-07 09:43:41 +0100, 1536309821, 120
2018-09-07 09:51:01 +0100, 1536310261, 120
2018-09-07 09:52:31 +0100, 1536310351, 120
